{
  "coordinate_system": "Z_up_XY_ground",
  "cameras": [
    {
      "name": "sim0",
      "position": [
        -600,
        -800,
        100
      ],
      "forward": [
        0.588348405414552,
        0.7844645405527361,
        0.19611613513818402
      ],
      "up": [
        0,
        0,
        1
      ],
      "fov_deg": 70
    },
    {
      "name": "sim1",
      "position": [
        0,
        -800,
        100
      ],
      "forward": [
        0,
        0.9701425001453318,
        0.24253562503633294
      ],
      "up": [
        0,
        0,
        1
      ],
      "fov_deg": 70
    },
    {
      "name": "sim2",
      "position": [
        600,
        -800,
        100
      ],
      "forward": [
        -0.588348405414552,
        0.7844645405527361,
        0.19611613513818402
      ],
      "up": [
        0,
        0,
        1
      ],
      "fov_deg": 70
    }
  ]
}