{
  "cameras": [
    {
      "name": "test1_1",
      "position": [
        -245.0,
        -40.0,
        0.0
      ],
      "forward": [
        0.17364817766,
        0.98480775301,
        0.0
      ],
      "up": [
        0.0,
        0.0,
        1.0
      ],
      "fov_deg": 70
    },
    {
      "name": "test1_2",
      "position": [
        0.0,
        -40.0,
        0.0
      ],
      "forward": [
        0.0,
        1.0,
        0.0
      ],
      "up": [
        0.0,
        0.0,
        1.0
      ],
      "fov_deg": 70
    },
    {
      "name": "test1_3",
      "position": [
        245.0,
        -40.0,
        0.0
      ],
      "forward": [
        -0.17364817766,
        0.98480775301,
        0.0
      ],
      "up": [
        0.0,
        0.0,
        1.0
      ],
      "fov_deg": 70
    }
  ]
}