{
	"coordinate_system": "Z_up_XY_ground",
	"cameras": [
		{
			"name": "setup3_1",
			"position": [1200, 0, 120],
			"forward": [-0.989, 0, 0.148],
			"up": [0, 0, 1],
			"fov_deg": 70
		},
		{
			"name": "setup3_2",
			"position": [-600, 1039.230484, 120],
			"forward": [0.494, -0.857, 0.148],
			"up": [0, 0, 1],
			"fov_deg": 70
		},
		{
			"name": "setup3_3",
			"position": [-600, -1039.230484, 120],
			"forward": [0.494, 0.857, 0.148],
			"up": [0, 0, 1],
			"fov_deg": 70
		}
	]
}
